{
  "stage": "D6",
  "source_csv": "results/table_main_expanded.csv",
  "source_sha256": "b9a7f26563e27bced0c2e77b8864bcfe19521bbe1cda7424afad261e63c113a9",
  "dataset_scope": [
    "CICIDS-2017",
    "CESNET-TLS-Year22",
    "UNSW-NB15"
  ],
  "sample_policy": {
    "CICIDS-2017": "p2d_real_audit_window_train_1500_test_4000",
    "CESNET-TLS-Year22": "p2d_real_audit_window_train_1500_test_4000",
    "UNSW-NB15": "p2d_real_audit_window_train_1500_test_4000"
  },
  "method_scope": [
    "Graph-CoLD",
    "CoLD",
    "ablation_hard",
    "Noisy-Supervised",
    "Confident-Learning",
    "Co-Teaching",
    "Decoupling",
    "FINE",
    "MCRe",
    "MORSE"
  ],
  "excluded_baselines": {
    "Co-Teaching+": "not independently implemented as a formal real-data row; represented by Co-Teaching-lite where applicable",
    "cleanlab": "not independently implemented as a formal real-data row; represented by Confident-Learning where applicable"
  },
  "graph_cold_vs_cold": {
    "mean_difference_pp": 2.16754904369684,
    "p_value": 0.00012682845929375862,
    "effect_size": 0.5516400213627108,
    "n_pairs": 51,
    "test": "paired grouped t-test, greater alternative"
  },
  "method_means": {
    "Co-Teaching": {
      "macro_f1_mean": 0.5862722982851202,
      "err_final_mean": 0.6910223860725524,
      "compression_ratio_mean": 0.957143790849673,
      "runtime_sec_mean": 0.321328152940849
    },
    "CoLD": {
      "macro_f1_mean": 0.5728041409766084,
      "err_final_mean": 0.6871020793504735,
      "compression_ratio_mean": 0.9931535947712418,
      "runtime_sec_mean": 0.1557609745083693
    },
    "Confident-Learning": {
      "macro_f1_mean": 0.5185237145497601,
      "err_final_mean": 0.6700557933641548,
      "compression_ratio_mean": 0.9593366013071895,
      "runtime_sec_mean": 21.733755875163517
    },
    "Decoupling": {
      "macro_f1_mean": 0.4016408960481938,
      "err_final_mean": 0.7042791401045021,
      "compression_ratio_mean": 0.9766045751633987,
      "runtime_sec_mean": 0.28768604771261486
    },
    "FINE": {
      "macro_f1_mean": 0.5278033312191533,
      "err_final_mean": 0.7582088829633378,
      "compression_ratio_mean": 0.9767336601307189,
      "runtime_sec_mean": 0.11856915098401938
    },
    "Graph-CoLD": {
      "macro_f1_mean": 0.5944796314135768,
      "err_final_mean": 0.7894055471520491,
      "compression_ratio_mean": 0.990191176470588,
      "runtime_sec_mean": 0.15705266339990484
    },
    "MCRe": {
      "macro_f1_mean": 0.5681328762907627,
      "err_final_mean": 0.7898919530912059,
      "compression_ratio_mean": 0.9524183006535949,
      "runtime_sec_mean": 0.10714390261511138
    },
    "MORSE": {
      "macro_f1_mean": 0.5582905594509724,
      "err_final_mean": 0.9219358301800153,
      "compression_ratio_mean": 0.9530326797385622,
      "runtime_sec_mean": 0.17164798562028413
    },
    "Noisy-Supervised": {
      "macro_f1_mean": 0.5245744863276721,
      "err_final_mean": 1.0,
      "compression_ratio_mean": 0.9775212418300653,
      "runtime_sec_mean": 0.12003818692622727
    },
    "ablation_hard": {
      "macro_f1_mean": 0.5950424228783148,
      "err_final_mean": 0.7894055471520491,
      "compression_ratio_mean": 0.9855686274509804,
      "runtime_sec_mean": 0.15692503398681493
    }
  },
  "high_noise_summary": {
    "CICIDS-2017": {
      "Graph-CoLD": {
        "macro_f1_mean": 0.3561,
        "fpr_mean": 0.1359,
        "fnr_mean": 0.3289,
        "err_mean": 0.7557,
        "compression_ratio_mean": 0.9995
      },
      "CoLD": {
        "macro_f1_mean": 0.3338,
        "fpr_mean": 0.1293,
        "fnr_mean": 0.3287,
        "err_mean": 0.6278,
        "compression_ratio_mean": 0.9995
      },
      "ablation_hard": {
        "macro_f1_mean": 0.3532,
        "fpr_mean": 0.1351,
        "fnr_mean": 0.3311,
        "err_mean": 0.7557,
        "compression_ratio_mean": 0.9995
      },
      "Noisy-Supervised": {
        "macro_f1_mean": 0.2812,
        "fpr_mean": 0.2614,
        "fnr_mean": 0.3365,
        "err_mean": 1.0,
        "compression_ratio_mean": 0.9993
      },
      "Confident-Learning": {
        "macro_f1_mean": 0.2746,
        "fpr_mean": 0.292,
        "fnr_mean": 0.2939,
        "err_mean": 0.5826,
        "compression_ratio_mean": 0.9981
      },
      "Co-Teaching": {
        "macro_f1_mean": 0.3505,
        "fpr_mean": 0.2121,
        "fnr_mean": 0.2929,
        "err_mean": 0.5523,
        "compression_ratio_mean": 0.9989
      },
      "Decoupling": {
        "macro_f1_mean": 0.235,
        "fpr_mean": 0.6458,
        "fnr_mean": 0.1002,
        "err_mean": 0.841,
        "compression_ratio_mean": 0.9905
      },
      "FINE": {
        "macro_f1_mean": 0.2791,
        "fpr_mean": 0.3322,
        "fnr_mean": 0.2454,
        "err_mean": 0.4377,
        "compression_ratio_mean": 0.997
      },
      "MCRe": {
        "macro_f1_mean": 0.3102,
        "fpr_mean": 0.3956,
        "fnr_mean": 0.2176,
        "err_mean": 0.5857,
        "compression_ratio_mean": 0.9994
      },
      "MORSE": {
        "macro_f1_mean": 0.3002,
        "fpr_mean": 0.4441,
        "fnr_mean": 0.1954,
        "err_mean": 0.8065,
        "compression_ratio_mean": 0.9993
      }
    },
    "CESNET-TLS-Year22": {
      "Graph-CoLD": {
        "macro_f1_mean": 0.7257,
        "fpr_mean": 0.1883,
        "fnr_mean": 0.1533,
        "err_mean": 0.9204,
        "compression_ratio_mean": 0.9992
      },
      "CoLD": {
        "macro_f1_mean": 0.7197,
        "fpr_mean": 0.1771,
        "fnr_mean": 0.1548,
        "err_mean": 0.8614,
        "compression_ratio_mean": 0.9983
      },
      "ablation_hard": {
        "macro_f1_mean": 0.7265,
        "fpr_mean": 0.1971,
        "fnr_mean": 0.1526,
        "err_mean": 0.9204,
        "compression_ratio_mean": 0.9988
      },
      "Noisy-Supervised": {
        "macro_f1_mean": 0.5368,
        "fpr_mean": 0.3275,
        "fnr_mean": 0.1638,
        "err_mean": 1.0,
        "compression_ratio_mean": 0.9998
      },
      "Confident-Learning": {
        "macro_f1_mean": 0.6054,
        "fpr_mean": 0.2758,
        "fnr_mean": 0.1119,
        "err_mean": 0.6531,
        "compression_ratio_mean": 0.9982
      },
      "Co-Teaching": {
        "macro_f1_mean": 0.7125,
        "fpr_mean": 0.3113,
        "fnr_mean": 0.0447,
        "err_mean": 0.5931,
        "compression_ratio_mean": 0.9981
      },
      "Decoupling": {
        "macro_f1_mean": 0.5082,
        "fpr_mean": 0.5015,
        "fnr_mean": 0.0273,
        "err_mean": 0.725,
        "compression_ratio_mean": 0.9988
      },
      "FINE": {
        "macro_f1_mean": 0.6178,
        "fpr_mean": 0.309,
        "fnr_mean": 0.1361,
        "err_mean": 0.6912,
        "compression_ratio_mean": 0.9982
      },
      "MCRe": {
        "macro_f1_mean": 0.7527,
        "fpr_mean": 0.1385,
        "fnr_mean": 0.1268,
        "err_mean": 0.8112,
        "compression_ratio_mean": 0.9977
      },
      "MORSE": {
        "macro_f1_mean": 0.7269,
        "fpr_mean": 0.2407,
        "fnr_mean": 0.1067,
        "err_mean": 0.9426,
        "compression_ratio_mean": 0.9972
      }
    },
    "UNSW-NB15": {
      "Graph-CoLD": {
        "macro_f1_mean": 0.3404,
        "fpr_mean": 0.115,
        "fnr_mean": 0.228,
        "err_mean": 0.5684,
        "compression_ratio_mean": 0.9951
      },
      "CoLD": {
        "macro_f1_mean": 0.3381,
        "fpr_mean": 0.1173,
        "fnr_mean": 0.2306,
        "err_mean": 0.4801,
        "compression_ratio_mean": 0.9957
      },
      "ablation_hard": {
        "macro_f1_mean": 0.3408,
        "fpr_mean": 0.1123,
        "fnr_mean": 0.2282,
        "err_mean": 0.5684,
        "compression_ratio_mean": 0.9867
      },
      "Noisy-Supervised": {
        "macro_f1_mean": 0.3,
        "fpr_mean": 0.1991,
        "fnr_mean": 0.232,
        "err_mean": 1.0,
        "compression_ratio_mean": 0.9926
      },
      "Confident-Learning": {
        "macro_f1_mean": 0.3009,