{
  "p0_gate": {
    "A1": {
      "passed": true,
      "evidence": {
        "Graph-CoLD": {
          "macro_f1": 0.9913381705213394,
          "err_final": 1.0,
          "fnr": 0.0006313241781812748,
          "tail_recall": 0.9900003419504423
        },
        "ablation_hard": {
          "macro_f1": 0.9718091852129992,
          "err_final": 0.8887439473541461,
          "fnr": 0.0026182574767778318,
          "tail_recall": 0.9407166362034296
        },
        "CoLD": {
          "macro_f1": 0.8422581625873913,
          "err_final": 0.7495220605670916,
          "fnr": 0.007931488621025936,
          "tail_recall": 0.7529579293549166
        }
      }
    },
    "A2": {
      "passed": true,
      "evidence": {
        "method_counts": {
          "Co-Teaching": 102,
          "CoLD": 102,
          "Confident-Learning": 102,
          "Decoupling": 102,
          "FINE": 102,
          "Graph-CoLD": 102,
          "MCRe": 102,
          "MORSE": 102,
          "Noisy-Supervised": 102,
          "ablation_hard": 102
        },
        "graphcold_vs_comparisons": {
          "Graph-CoLD_vs_Co-Teaching": {
            "mean_diff": 0.26848801850783116,
            "p_value_holm": 8.133662813764403e-14
          },
          "Graph-CoLD_vs_FINE": {
            "mean_diff": 0.3722718904140924,
            "p_value_holm": 7.22245776007129e-11
          },
          "Graph-CoLD_vs_MCRe": {
            "mean_diff": 0.3104762631231712,
            "p_value_holm": 7.22245776007129e-11
          },
          "Graph-CoLD_vs_MORSE": {
            "mean_diff": 0.31949565833774196,
            "p_value_holm": 3.3427362418434105e-11
          }
        }
      }
    },
    "A3": {
      "passed": true,
      "evidence": {
        "rows": 102,
        "tail_recall_delta_mean": 0.04637517350492328,
        "tail_recall_delta_p_greater": 8.478693450225591e-11,
        "high_noise_fnr_delta_mean": -0.002269754732938494,
        "high_noise_fnr_delta_p_less": 2.7888295470459795e-06
      }
    },
    "A4": {
      "passed": true,
      "evidence": "no matches"
    }
  },
  "p1": {
    "G1": {
      "status": "blocked",
      "blocker": [
        "dataset root does not exist: E:\\graphcold-data\\unsw_nb15",
        "label column missing: contract label candidate",
        "required column groups missing: label, ip_or_flow, numeric_features",
        "row count 0 below min_samples 10000"
      ],
      "alternative": "No already-available verified third dataset is present locally; USTC-TFC2016 remains candidate-only."
    },
    "G2": {
      "status": "completed",
      "table": "results/table_prioritization.csv",
      "curve": "results/prioritization_curve.csv",
      "figure": "figures/fig_p1_queue_load_curve.pdf",
      "summary": {
        "CoLD": {
          "topk_precision": 0.9991666666666666,
          "topk_recall": 0.010635961870812926,
          "precision_at_budget": 0.9997368135631771,
          "compression_at_recall_90": 0.6629143848864062,
          "compression_at_recall_95": 0.6997575723882422
        },
        "Confident-Learning": {
          "topk_precision": 0.9641666666666667,
          "topk_recall": 0.010185012574729691,
          "precision_at_budget": 0.9656774568498849,
          "compression_at_recall_90": 0.7268390333213143,
          "compression_at_recall_95": 0.7943274329039465
        },
        "Graph-CoLD": {
          "topk_precision": 0.9991666666666666,
          "topk_recall": 0.010635961870812926,
          "precision_at_budget": 0.9997027443345045,
          "compression_at_recall_90": 0.662930702340626,
          "compression_at_recall_95": 0.699773889842462
        },
        "ablation_hard": {
          "topk_precision": 0.9991666666666666,
          "topk_recall": 0.010635961870812926,
          "precision_at_budget": 0.9997027443345045,
          "compression_at_recall_90": 0.6629326624024399,
          "compression_at_recall_95": 0.699775849904276
        }
      },
      "stats": {
        "Graph-CoLD_vs_CoLD": {
          "test": "paired_t_test_greater",
          "metric": "topk_precision",
          "method_a": "Graph-CoLD",
          "method_b": "CoLD",
          "pairing_keys": [
            "dataset",
            "noise_type",
            "noise_rate",
            "graph_beta",
            "seed"
          ],
          "n_pairs": 24,
          "method_a_mean": 0.9991666666666666,
          "method_a_std": 0.002823298512866402,
          "method_b_mean": 0.9991666666666666,
          "method_b_std": 0.002823298512866402,
          "mean_diff": 0.0,
          "effect_size_cohen_dz": Infinity,
          "t_stat": null,
          "p_value": null,
          "significant_p_lt_0_05": false,
          "extreme_p_value_warning": false,
          "naive_pooled_test_used": false,
          "scenario_level": {
            "test": "scenario_level_paired_t_test_greater",
            "metric": "topk_precision",
            "method_a": "Graph-CoLD",
            "method_b": "CoLD",
            "pairing_keys": [
              "dataset",
              "noise_type",
              "noise_rate",
              "graph_beta"
            ],
            "aggregation": "mean_over_seeds_per_scenario",
            "effective_n": 8,
            "n_pairs": 8,
            "method_a_mean": 0.9991666666666666,
            "method_a_std": 0.0015430334996209033,
            "method_b_mean": 0.9991666666666666,
            "method_b_std": 0.0015430334996209033,
            "mean_diff": 0.0,
            "mean_diff_ci95": [
              0.0,
              0.0
            ],
            "effect_size_cohen_dz": Infinity,
            "t_stat": null,
            "p_value": null,
            "significant_p_lt_0_05": false,
            "naive_pooled_test_used": false
          }
        },
        "Graph-CoLD_vs_Confident-Learning": {
          "test": "paired_t_test_greater",
          "metric": "topk_precision",
          "method_a": "Graph-CoLD",
          "method_b": "Confident-Learning",
          "pairing_keys": [
            "dataset",
            "noise_type",
            "noise_rate",
            "graph_beta",
            "seed"
          ],
          "n_pairs": 24,
          "method_a_mean": 0.9991666666666666,
          "method_a_std": 0.002823298512866402,
          "method_b_mean": 0.9641666666666667,
          "method_b_std": 0.08203481056799936,
          "mean_diff": 0.035,
          "effect_size_cohen_dz": 0.42968945474951536,
          "t_stat": 2.105039823982069,
          "p_value": 0.02320753230171593,
          "significant_p_lt_0_05": true,
          "extreme_p_value_warning": false,
          "naive_pooled_test_used": false,
          "scenario_level": {
            "test": "scenario_level_paired_t_test_greater",
            "metric": "topk_precision",
            "method_a": "Graph-CoLD",
            "method_b": "Confident-Learning",
            "pairing_keys": [
              "dataset",
              "noise_type",
              "noise_rate",
              "graph_beta"
            ],
            "aggregation": "mean_over_seeds_per_scenario",
            "effective_n": 8,
            "n_pairs": 8,
            "method_a_mean": 0.9991666666666666,
            "method_a_std": 0.0015430334996209033,
            "method_b_mean": 0.9641666666666666,
            "method_b_std": 0.0766511371435338,
            "mean_diff": 0.03500000000000002,
            "mean_diff_ci95": [
              0.0,
              0.08792708333333331
            ],
            "effect_size_cohen_dz": 0.4645575942649758,
            "t_stat": 1.3139673006258925,
            "p_value": 0.11513877465193335,
            "significant_p_lt_0_05": false,
            "naive_pooled_test_used": false,
            "p_value_holm": 0.11513877465193335,
            "significant_holm_0_05": false
          },
          "p_value_holm": 0.11513877465193335,
          "significant_holm_0_05": false
        },