{
  "protocol_id": "p2_canonical_scenario_mean_v1",
  "source_csv": "results/table_main_expanded.csv",
  "source_sha256": "b9a7f26563e27bced0c2e77b8864bcfe19521bbe1cda7424afad261e63c113a9",
  "scenario_keys": [
    "dataset",
    "reported_as",
    "noise_type",
    "noise_rate",
    "graph_beta"
  ],
  "seed_aggregation": "mean_over_seeds_per_scenario",
  "headline_aggregation": "equal_weight_mean_over_scenarios",
  "metrics": [
    "macro_f1",
    "fpr",
    "fnr",
    "err_final",
    "compression_ratio",
    "runtime_sec",
    "memory_mb"
  ],
  "headline_csv": "tables/table_p2_canonical_headline.csv",
  "method_headlines": {
    "Co-Teaching": {
      "macro_f1": 0.5862722982851202,
      "fpr": 0.14170762276625912,
      "fnr": 0.10694403061291848,
      "err_final": 0.6910223860725525,
      "compression_ratio": 0.9571437908496733,
      "runtime_sec": 0.32132815294084893,
      "memory_mb": 6.63692656373666
    },
    "CoLD": {
      "macro_f1": 0.5728041409766085,
      "fpr": 0.08489368367786622,
      "fnr": 0.151207453501526,
      "err_final": 0.6871020793504735,
      "compression_ratio": 0.9931535947712418,
      "runtime_sec": 0.1557609745083693,
      "memory_mb": 3.851398536582398
    },
    "Confident-Learning": {
      "macro_f1": 0.5185237145497602,
      "fpr": 0.1613166184018211,
      "fnr": 0.14119431773376448,
      "err_final": 0.6700557933641548,
      "compression_ratio": 0.9593366013071896,
      "runtime_sec": 21.733755875163514,
      "memory_mb": 3.858951574836681
    },
    "Decoupling": {
      "macro_f1": 0.40164089604819386,
      "fpr": 0.43950454175153053,
      "fnr": 0.07381275366020518,
      "err_final": 0.704279140104502,
      "compression_ratio": 0.9766045751633986,
      "runtime_sec": 0.28768604771261486,
      "memory_mb": 4.047761910881092
    },
    "FINE": {
      "macro_f1": 0.5278033312191533,
      "fpr": 0.18534601879947774,
      "fnr": 0.1435591155791287,
      "err_final": 0.7582088829633378,
      "compression_ratio": 0.9767336601307189,
      "runtime_sec": 0.11856915098401939,
      "memory_mb": 5.306423536313126
    },
    "Graph-CoLD": {
      "macro_f1": 0.5944796314135768,
      "fpr": 0.08850350884858707,
      "fnr": 0.1480082785916753,
      "err_final": 0.7894055471520492,
      "compression_ratio": 0.9901911764705882,
      "runtime_sec": 0.1570526633999048,
      "memory_mb": 4.115167362238068
    },
    "MCRe": {
      "macro_f1": 0.5681328762907628,
      "fpr": 0.18188904625030067,
      "fnr": 0.11740388250123315,
      "err_final": 0.7898919530912059,
      "compression_ratio": 0.9524183006535947,
      "runtime_sec": 0.10714390261511138,
      "memory_mb": 6.233796462514042
    },
    "MORSE": {
      "macro_f1": 0.5582905594509723,
      "fpr": 0.21260058381779098,
      "fnr": 0.10740105833172804,
      "err_final": 0.9219358301800153,
      "compression_ratio": 0.9530326797385621,
      "runtime_sec": 0.17164798562028413,
      "memory_mb": 6.472168542201223
    },
    "Noisy-Supervised": {
      "macro_f1": 0.5245744863276722,
      "fpr": 0.1554890311544699,
      "fnr": 0.15689642828684128,
      "err_final": 1.0,
      "compression_ratio": 0.9775212418300654,
      "runtime_sec": 0.12003818692622727,
      "memory_mb": 3.5252334931317497
    },
    "ablation_hard": {
      "macro_f1": 0.5950424228783148,
      "fpr": 0.09032477287780982,
      "fnr": 0.14847481043468855,
      "err_final": 0.7894055471520492,
      "compression_ratio": 0.9855686274509804,
      "runtime_sec": 0.15692503398681495,
      "memory_mb": 4.098756921057608
    }
  }
}