{
  "stage": "P2b",
  "protocol_id": "p2_canonical_scenario_mean_v1",
  "source_csv": "results/table_main_expanded.csv",
  "source_sha256": "125ce9e63442e82deced11caf3391dd9b4ac103a6f1f3c1a7776ca7499d493cf",
  "robustness_table": "tables/table_p2b_baseline_noise_robustness.csv",
  "outcome": "B_protocol_explained",
  "result_numbers_changed": false,
  "canonical_tables_updated": false,
  "diagnosis": {
    "adapter_bug_found": false,
    "selected_outcome": "B_protocol_explained",
    "morse_split_ratio_tracks_actual_noise_rate": true,
    "mcre_retain_fraction_tracks_actual_noise_rate": true,
    "mcre_tail_or_clean_informative_collapse_observed": true,
    "morse_retains_evidence_but_classifier_degrades": true,
    "key_numbers": {
      "cicids_symmetric_60": {
        "MCRe": {
          "macro_f1_mean": 0.25153293006498706,
          "fnr_mean": 0.026152534003680866,
          "err_tail_mean": 0.2868758342393929,
          "retained_clean_informative_mean": 0.42668675972927234,
          "macro_f1_delta_vs_cold": -0.4582680353464645
        },
        "MORSE": {
          "macro_f1_mean": 0.23931494475393336,
          "fnr_mean": 0.013793000254372934,
          "err_tail_mean": 0.8245421075862462,
          "retained_clean_informative_mean": 0.7877009306260575,
          "macro_f1_delta_vs_cold": -0.4704860206575182
        },
        "CoLD": {
          "macro_f1_mean": 0.7098009654114515,
          "fnr_mean": 0.011991441097694134,
          "err_tail_mean": 0.5029594723843226,
          "retained_clean_informative_mean": 0.9401967005076143,
          "macro_f1_delta_vs_cold": 0.0
        },
        "Co-Teaching": {
          "macro_f1_mean": 0.4698815114926987,
          "fnr_mean": 0.010043243405006634,
          "err_tail_mean": 0.2777162785365218,
          "retained_clean_informative_mean": 0.7228214890016921,
          "macro_f1_delta_vs_cold": -0.23991945391875286
        },
        "Graph-CoLD": {
          "macro_f1_mean": 0.9858162090401511,
          "fnr_mean": 0.0011820861576214,
          "err_tail_mean": 1.0,
          "retained_clean_informative_mean": 1.0,
          "macro_f1_delta_vs_cold": 0.27601524362869956
        }
      },
      "cesnet_symmetric_60": {
        "MCRe": {
          "macro_f1_mean": 0.8218785912119086,
          "fnr_mean": 0.03187016481668343,
          "err_tail_mean": 0.9671494456968818,
          "retained_clean_informative_mean": 0.9114315197726275,
          "macro_f1_delta_vs_cold": -0.1696797792360597
        },
        "MORSE": {
          "macro_f1_mean": 0.8170144720648097,
          "fnr_mean": 0.02990806144186563,
          "err_tail_mean": 0.9901649376224047,
          "retained_clean_informative_mean": 0.9877955530311139,
          "macro_f1_delta_vs_cold": -0.17454389838315865
        },
        "CoLD": {
          "macro_f1_mean": 0.9915583704479684,
          "fnr_mean": 8.409014463501626e-05,
          "err_tail_mean": 0.8781914913828328,
          "retained_clean_informative_mean": 0.9586278640598284,
          "macro_f1_delta_vs_cold": 0.0
        },
        "Co-Teaching": {
          "macro_f1_mean": 0.7682338217409027,
          "fnr_mean": 0.012865792129162399,
          "err_tail_mean": 0.4748885201013129,
          "retained_clean_informative_mean": 0.45944175264070436,
          "macro_f1_delta_vs_cold": -0.22332454870706564
        },
        "Graph-CoLD": {
          "macro_f1_mean": 0.9936722985924314,
          "fnr_mean": 5.606009642336585e-05,
          "err_tail_mean": 1.0,
          "retained_clean_informative_mean": 1.0,
          "macro_f1_delta_vs_cold": 0.0021139281444630953
        }
      },
      "unsw_symmetric_60": {
        "MCRe": {
          "macro_f1_mean": 0.36352631853242445,
          "fnr_mean": 0.0006771477359712334,
          "err_tail_mean": 0.4001223159855897,
          "retained_clean_informative_mean": 0.46875605748049026,
          "macro_f1_delta_vs_cold": -0.2237723516549971
        },
        "MORSE": {
          "macro_f1_mean": 0.35374628211820514,
          "fnr_mean": 0.00018400753694869997,
          "err_tail_mean": 0.9194885033453334,
          "retained_clean_informative_mean": 0.8619236571077905,
          "macro_f1_delta_vs_cold": -0.2335523880692164
        },
        "CoLD": {
          "macro_f1_mean": 0.5872986701874215,
          "fnr_mean": 2.2080904433845612e-05,
          "err_tail_mean": 0.7452223377154191,
          "retained_clean_informative_mean": 0.9458278508899857,
          "macro_f1_delta_vs_cold": 0.0
        },
        "Co-Teaching": {
          "macro_f1_mean": 0.4237812595097574,
          "fnr_mean": 0.009170935641523834,
          "err_tail_mean": 0.18213418981625762,
          "retained_clean_informative_mean": 0.2832640591120644,
          "macro_f1_delta_vs_cold": -0.16351741067766412
        },
        "Graph-CoLD": {
          "macro_f1_mean": 0.5708025712205234,
          "fnr_mean": 0.0,
          "err_tail_mean": 1.0,
          "retained_clean_informative_mean": 1.0,
          "macro_f1_delta_vs_cold": -0.016496098966898187
        }
      }
    },
    "summary": "MCRe/MORSE are not globally broken: clean-label sanity passes and CESNET symmetric/graph-noise curves stay high. The low canonical means come from CICIDS/UNSW high-noise tabular settings, where MCRe's class-wise centroid filter removes many clean informative samples and MORSE retains evidence but propagates weak pseudo-label decision boundaries."
  },
  "manuscript_caveat": "MCRe and MORSE are reported as faithful tabular adapters in this real-data label-noise protocol, but their noise robustness is not claimed to reproduce the original papers because centroid-based purification degrades on CICIDS/UNSW high-noise tabular class geometry while remaining strong on CESNET symmetric and graph-noise settings.",
  "graphcold_margins": {
    "graphcold_minus_mcre_macro_f1": 0.23440467850184088,
    "graphcold_minus_morse_macro_f1": 0.23498750005667646
  },
  "reproduction_commands": [
    "python -m src.paper.p2b_baseline_fidelity",
    "python -m pytest tests/test_p2b_baseline_fidelity.py tests/test_number_consistency.py -q"
  ]
}