{
  "stage": "P2b",
  "protocol_id": "p2_canonical_scenario_mean_v1",
  "source_csv": "results/table_main_expanded.csv",
  "source_sha256": "b9a7f26563e27bced0c2e77b8864bcfe19521bbe1cda7424afad261e63c113a9",
  "robustness_table": "tables/table_p2b_baseline_noise_robustness.csv",
  "outcome": "B_protocol_explained",
  "result_numbers_changed": false,
  "canonical_tables_updated": false,
  "diagnosis": {
    "adapter_bug_found": false,
    "selected_outcome": "B_protocol_explained",
    "morse_split_ratio_tracks_actual_noise_rate": true,
    "mcre_retain_fraction_tracks_actual_noise_rate": true,
    "mcre_tail_or_clean_informative_collapse_observed": true,
    "morse_retains_evidence_but_classifier_degrades": true,
    "key_numbers": {
      "cicids_symmetric_60": {
        "MCRe": {
          "macro_f1_mean": 0.24093175211887238,
          "fnr_mean": 0.05323418319169024,
          "err_tail_mean": 0.1857162164180101,
          "retained_clean_informative_mean": 0.38000000000000006,
          "macro_f1_delta_vs_cold": -0.12142743686060428
        },
        "MORSE": {
          "macro_f1_mean": 0.2361193709639802,
          "fnr_mean": 0.015344664778092466,
          "err_tail_mean": 0.4388476398809587,
          "retained_clean_informative_mean": 0.8377777777777777,
          "macro_f1_delta_vs_cold": -0.12623981801549647
        },
        "CoLD": {
          "macro_f1_mean": 0.36235918897947667,
          "fnr_mean": 0.09549102927289889,
          "err_tail_mean": 0.6427327056017759,
          "retained_clean_informative_mean": 0.8799999999999999,
          "macro_f1_delta_vs_cold": 0.0
        },
        "Co-Teaching": {
          "macro_f1_mean": 0.2987768801524293,
          "fnr_mean": 0.09289423984891403,
          "err_tail_mean": 0.35328466725286695,
          "retained_clean_informative_mean": 0.43999999999999995,
          "macro_f1_delta_vs_cold": -0.06358230882704735
        },
        "Graph-CoLD": {
          "macro_f1_mean": 0.3690265943872079,
          "fnr_mean": 0.08593012275731816,
          "err_tail_mean": 0.6679734291899235,
          "retained_clean_informative_mean": 0.9,
          "macro_f1_delta_vs_cold": 0.006667405407731253
        }
      },
      "cesnet_symmetric_60": {
        "MCRe": {
          "macro_f1_mean": 0.7982774442760224,
          "fnr_mean": 0.015159301130524133,
          "err_tail_mean": 0.9692811287066886,
          "retained_clean_informative_mean": 0.9295378528197603,
          "macro_f1_delta_vs_cold": 0.01261145976893463
        },
        "MORSE": {
          "macro_f1_mean": 0.7464060788147768,
          "fnr_mean": 0.016529633436108235,
          "err_tail_mean": 0.9919204547330708,
          "retained_clean_informative_mean": 0.9834841453354777,
          "macro_f1_delta_vs_cold": -0.03925990569231097
        },
        "CoLD": {
          "macro_f1_mean": 0.7856659845070878,
          "fnr_mean": 0.008393285371702567,
          "err_tail_mean": 0.835097333990587,
          "retained_clean_informative_mean": 0.8716948164353494,
          "macro_f1_delta_vs_cold": 0.0
        },
        "Co-Teaching": {
          "macro_f1_mean": 0.6163505717406245,
          "fnr_mean": 0.019355943816375433,
          "err_tail_mean": 0.4532118702277724,
          "retained_clean_informative_mean": 0.43795312042156365,
          "macro_f1_delta_vs_cold": -0.16931541276646334
        },
        "Graph-CoLD": {
          "macro_f1_mean": 0.7934689833321941,
          "fnr_mean": 0.0085645769099006,
          "err_tail_mean": 0.895021468613403,
          "retained_clean_informative_mean": 0.8985468738624419,
          "macro_f1_delta_vs_cold": 0.0078029988251062665
        }
      },
      "unsw_symmetric_60": {
        "MCRe": {
          "macro_f1_mean": 0.31047585117944376,
          "fnr_mean": 0.003925801254888967,
          "err_tail_mean": 0.5172600643281077,
          "retained_clean_informative_mean": 0.5258452168746287,
          "macro_f1_delta_vs_cold": -0.0633399642721964
        },
        "MORSE": {
          "macro_f1_mean": 0.2979319146714146,
          "fnr_mean": 0.0059558491381413664,
          "err_tail_mean": 0.7892699655863455,
          "retained_clean_informative_mean": 0.7724491235888294,
          "macro_f1_delta_vs_cold": -0.07588390078022555
        },
        "CoLD": {
          "macro_f1_mean": 0.37381581545164017,
          "fnr_mean": 0.03646245646070953,
          "err_tail_mean": 0.4901297699200022,
          "retained_clean_informative_mean": 0.6754077540106952,
          "macro_f1_delta_vs_cold": 0.0
        },
        "Co-Teaching": {
          "macro_f1_mean": 0.3214005307220156,
          "fnr_mean": 0.0302736084217395,
          "err_tail_mean": 0.5343152852243009,
          "retained_clean_informative_mean": 0.4106799613784908,
          "macro_f1_delta_vs_cold": -0.05241528472962459
        },
        "Graph-CoLD": {
          "macro_f1_mean": 0.36949845730285485,
          "fnr_mean": 0.043816608059484397,
          "err_tail_mean": 0.5836337215681167,
          "retained_clean_informative_mean": 0.7005005941770648,
          "macro_f1_delta_vs_cold": -0.004317358148785311
        }
      }
    },
    "summary": "MCRe/MORSE are not globally broken: clean-label sanity passes and CESNET symmetric/graph-noise curves stay high. The low canonical means come from CICIDS/UNSW high-noise tabular settings, where MCRe's class-wise centroid filter removes many clean informative samples and MORSE retains evidence but propagates weak pseudo-label decision boundaries."
  },
  "manuscript_caveat": "MCRe and MORSE are reported as faithful tabular adapters in this real-data label-noise protocol, but their noise robustness is not claimed to reproduce the original papers because centroid-based purification degrades on CICIDS/UNSW high-noise tabular class geometry while remaining strong on CESNET symmetric and graph-noise settings.",
  "graphcold_margins": {
    "graphcold_minus_mcre_macro_f1": 0.026346755122814036,
    "graphcold_minus_morse_macro_f1": 0.03618907196260457
  },
  "reproduction_commands": [
    "python -m src.paper.p2b_baseline_fidelity",
    "python -m pytest tests/test_p2b_baseline_fidelity.py tests/test_number_consistency.py -q"
  ]
}