dataset,reported_as,sample_policy,train_rows,num_classes,tail_labels,tail_label_names,noise_type,tail_flip_rate,effective_flip_rate_train,theta,clean_rare_count,flipped_count,tension_rate_clean_rare_cdm_gt_theta,noisy_flag_rate_cdm_gt_theta,clean_rare_cdm_mean,noisy_flipped_cdm_mean,clean_rare_cdm_q90,noisy_flipped_cdm_q90
cicids2017,CICIDS-2017,p2d_real_audit_window_train_10000_test_1000,10000,11,"[1, 5, 6, 9, 10]","['1', '5', '6', '9', '10']",tail_asymmetric,0.4,0.0104,0.5,158,104,0.0759493670886076,0.028846153846153848,0.2042960562457695,0.07650204851911171,0.23380765144906615,0.10482440764144514
cicids2017,CICIDS-2017,p2d_real_audit_window_train_10000_test_1000,10000,11,"[1, 5, 6, 9, 10]","['1', '5', '6', '9', '10']",tail_asymmetric,0.6,0.0157,0.5,105,157,0.17142857142857143,0.006369426751592357,0.31664325150461037,0.040900407853416344,0.9143075622655769,0.06633720824243225
cesnet_tls_year22,CESNET-TLS-Year22,p2d_real_audit_window_train_10000_test_1000,10000,25,"[1, 3, 4, 5, 6, 7, 8, 10, 16, 19, 21, 23, 24]","['1', '3', '4', '5', '6', '7', '8', '10', '16', '19', '21', '23', '24']",tail_asymmetric,0.4,0.1248,0.5,1872,1248,0.014957264957264958,0.04567307692307692,0.13098829005591026,0.095098960213085,0.1590192776291843,0.11535909886650195
cesnet_tls_year22,CESNET-TLS-Year22,p2d_real_audit_window_train_10000_test_1000,10000,25,"[1, 3, 4, 5, 6, 7, 8, 10, 16, 19, 21, 23, 24]","['1', '3', '4', '5', '6', '7', '8', '10', '16', '19', '21', '23', '24']",tail_asymmetric,0.6,0.1872,0.5,1248,1872,0.06009615384615385,0.00641025641025641,0.21414522109488268,0.04181092221172658,0.23446702783759577,0.06696623897410876
unsw_nb15,UNSW-NB15,p2d_real_audit_window_train_10000_test_1000,10000,9,"[1, 2, 7, 8]","['1', '2', '7', '8']",tail_asymmetric,0.4,0.0396,0.5,595,396,0.29411764705882354,0.2777777777777778,0.36503126115075,0.2917701946708736,0.9370891810162625,0.8056525198578817
unsw_nb15,UNSW-NB15,p2d_real_audit_window_train_10000_test_1000,10000,9,"[1, 2, 7, 8]","['1', '2', '7', '8']",tail_asymmetric,0.6,0.0594,0.5,397,594,0.37531486146095716,0.18181818181818182,0.44002894418115396,0.2061859404807364,0.9586320788982275,0.8046504611778708
