beta,transition_concentration
0.0,0.4426273090066194
0.3,0.5662629399585921
0.6,0.7676301958910654
1.0,1.0
