variant,macro_f1_mean,macro_f1_std,fpr_mean,fpr_std,fnr_mean,fnr_std,err_mean,err_std,tail_err_mean,tail_err_std,compression_ratio_mean,compression_ratio_std,runtime_sec_mean,runtime_sec_std,memory_mb_mean,memory_mb_std
Graph-CoLD,0.8971693317180384,0.007113055979175711,0.041666666666666664,0.028867513459481284,0.009259259259259259,0.009259259259259259,0.6944637228649881,0.0,0.6935179426994412,0.0,0.3,0.0,0.08,0.0,36.0,0.0
ablation_hard,0.7489718516103269,0.013865568305615403,0.20833333333333334,0.01443375672974064,0.015432098765432098,0.010691671651659736,1.0,0.0,1.0,0.0,0.44,0.0,0.15000000000000002,0.0,37.4,0.0
w/o D_neigh,0.8208442130181263,0.010607951797669163,0.14166666666666666,0.014433756729740633,0.0030864197530864196,0.005345835825829868,0.7359536708545219,0.0,0.7353967683225554,0.0,0.36999999999999994,0.0,0.115,0.0,36.7,0.0
w/o D_view,0.7990111133341734,0.013147633162269376,0.14166666666666666,0.02886751345948128,0.015432098765432098,0.01927468518024197,0.6944637228649881,0.0,0.6935179426994412,0.0,0.38999999999999996,0.0,0.125,0.0,36.9,0.0
w/o Graph-CDM,0.7226247817184742,0.03076640040595201,0.225,0.09013878188659974,0.018518518518518517,0.009259259259259259,0.6944637228649881,0.0,0.6935179426994412,0.0,0.45999999999999996,0.0,0.16,0.0,37.6,0.0
w/o evidence,0.7765163178206658,0.026015459900688674,0.18333333333333335,0.05204164998665333,0.0030864197530864196,0.005345835825829868,1.0,0.0,1.0,0.0,0.41,0.0,0.135,0.0,37.1,0.0
w/o ranking,0.8623789480801115,0.007735181316062096,0.13333333333333333,0.08036375634160796,0.006172839506172839,0.005345835825829868,0.6944637228649881,0.0,0.6935179426994412,0.0,0.34,0.0,0.10000000000000002,0.0,36.4,0.0
w/o temporal,0.8373643639575742,0.0036562618043801507,0.14166666666666666,0.03818813079129865,0.015432098765432098,0.019274685180241967,0.6944637228649881,0.0,0.6935179426994412,0.0,0.36000000000000004,0.0,0.11,0.0,36.6,0.0
